0_N,0_P,0_L,1_N,1_P,1_L,2_N,2_P,2_L,3_N,3_P,3_L,4_N,4_P,4_L,5_N,5_P,5_L,6_N,6_P,6_L,7_N,7_P,7_L,8_N,8_P,8_L,9_N,9_P,9_L
TTC28,7.00327090463872e-205,1.9451437,PRM1,0.0,3.0347667,GPC6,5.516343113149672e-198,2.3373075,MALAT1,0.0,3.8729494,LRRIQ1,8.759268486323254e-165,2.7634637,TMEM191B,2.7597617760969666e-188,2.7589672,LOC101929200,0.0,4.893624,RBFOX1,9.792858672499444e-103,1.3192465,ANKRD30A,0.0,3.3223984,KCNQ1,2.070138736054118e-120,3.4490385
ANKRD30A,6.345679084502585e-184,2.1726203,NFIC,0.0,3.6458387,TEX51,5.201500151480827e-184,3.978329,DCN,0.0,6.11013,GLIPR1L1,1.4913253275839016e-144,1.8700993,COL25A1,7.473363036996655e-154,2.2377553,CLU,0.0,5.259974,TENM3,7.692778300991268e-97,1.2737163,ZNF385D,1.0095491793544091e-266,3.6993687,KCNQ1OT1,1.8882315624674273e-74,3.120203
TEX41,3.5896464975665676e-168,3.0737221,PRM2,0.0,2.7940981,SMIM23,4.216024116048149e-158,2.8672943,TSHZ2,1.0968238916646166e-270,4.1436586,RGL4,2.876450378294607e-132,2.623835,SMIM23,1.2457257156958281e-149,2.8234663,CTNNA2,0.0,3.2345083,FOXP1,4.618369837030574e-84,1.9675157,ANKRD30B,1.3148953739316729e-266,3.3865867,amplicon_chrY_TSPY1/10/2/3/4/8,8.860620207776549e-73,4.792059
RRP8,1.735087761435697e-150,3.0897522,DRICH1,6.750541565278347e-269,2.8312516,CNBD1,3.279037514218167e-141,2.297984,IGFBP7,1.5056513636409137e-191,5.118153,BCR,2.843675015482232e-116,2.3239484,CCSER1,7.137190561396707e-152,1.9095606,COX3,0.0,4.82881,KAZN,1.1887804863403834e-68,1.1874937,CATSPER2,7.418592601968166e-209,3.0421557,LOC101928697,2.1136707302549997e-39,4.6799626
LOC105373554,2.9758812738462317e-144,3.9796643,HMGB4,4.1135513240586037e-230,2.803277,CLDND2,3.582891899721904e-136,3.2479484,LAMA2,2.272205656821505e-178,4.1240954,PACRG,1.0495134393072384e-94,1.8283564,CD36,3.96529329304681e-126,4.093843,ERBB4,0.0,4.0668473,IL1RAPL1,5.943600247745838e-68,1.4240421,LOC101927284,2.353584053563413e-197,2.6403835,amplicon_chrX_VCX/2/3A/3B,5.262140857097186e-35,2.7469923
PFDN6,5.928377466807791e-146,2.4965606,HDAC11,2.071070036127222e-215,3.5116715,COL25A1,3.804033943184064e-137,1.9645611,EBF1,1.1465889220026718e-165,4.590946,LOC105377110,1.0093530490171258e-93,2.2029693,CCDC27,1.5264551567549335e-115,3.3486,GPC5,0.0,3.1771588,NRXN1,8.751018648818635e-62,1.6444081,PTPN22,4.0228913243038095e-188,2.8772235,TTC3,4.774306640984704e-35,2.0805697
HLA-B,2.957905952348209e-147,1.9730476,TNP1,1.4613220484629574e-208,2.9326653,RGL4,5.170043559012828e-134,2.6573434,APOE,1.2239267663079191e-164,4.349128,WDR64,8.222598070125933e-90,1.9118679,PCDH15,1.6883644011699458e-115,1.5748125,ND1,0.0,5.0563483,NRG3,5.7481525541008045e-61,2.1040254,SPDYA,1.7052095729706812e-187,2.6734896,BRCA2,2.743770275359428e-32,2.2460465
LINC02367,1.0204153186526395e-142,3.4654765,HDAC9,1.682466599968124e-187,2.7318006,ADGRL3,5.170043559012828e-134,1.7734444,MIR99AHG,8.590588722908404e-159,3.2980635,TTC29,1.6220158476995827e-81,2.3980403,DPP10,2.3025287356258245e-109,1.9389949,MTRNR2L3,0.0,4.808404,UBE2E2,6.262098477235323e-61,2.0440907,PCDH9,4.011401283711275e-174,2.8801527,VIPR2,1.6257131415114213e-31,2.5808587
ANKRD30B,4.636666447954238e-140,2.222731,RAI14,2.6548841534582208e-166,3.0058463,COLEC10,5.069107412177815e-118,4.282891,RBMS3,5.99643635356594e-144,3.0673978,MIA2,2.969160788780222e-81,2.2678154,PLCZ1,4.045871419100562e-105,2.4393384,GRIP1,0.0,3.6284375,ACTR3B,1.406538211920846e-64,0.28357375,LINC00993,2.3660744115755593e-162,3.083046,PTMA,1.8555259978030763e-31,1.8974864
ANKRD62,9.549445520878288e-138,2.271662,CCDC168,3.324661392352084e-157,4.3484225,STXBP5-AS1,3.585767108145474e-120,2.2470531,ZBTB20,2.2830397512252696e-138,2.2389019,LINC01692,1.07665522569547e-76,2.119897,CCDC141,6.148301491680113e-95,2.6447103,CST9L,7.29593839866007e-310,4.3333473,CNTNAP2,1.4152885480266297e-61,1.1515445,DDX39A,3.298055245128032e-159,2.8237998,DPEP3,1.1693563237391014e-30,3.2599041
LOC101927284,3.141420146415796e-130,1.8138676,LOC101928012,1.481710899935867e-155,3.5727425,LOC105370214,3.803031247259578e-114,2.4237573,NEAT1,6.761770596217204e-122,4.448726,SAXO2,2.801026896272685e-75,2.08215,GPR85,2.864341423942493e-91,3.292755,PTGDS,8.89256094382288e-309,4.1058006,PTPRD,7.911199501772813e-61,1.2947242,DPY19L2,4.9445940244797806e-158,2.6184952,SMC1B,7.493895265762818e-30,2.0396278
PPM1E,3.1371834719516825e-128,1.5868922,LOC100502572,2.1209014469469375e-150,4.947932,LINC01743,5.479803716223221e-109,2.6707335,PRKG1,5.335481245744391e-117,2.2940176,LOC105379110,1.584018188726009e-73,2.710995,STXBP5-AS1,3.742595367618519e-92,1.9880534,APOA1,1.7026616195250097e-299,4.447672,FOXP2,3.037839879566448e-59,2.126097,NOVA1,1.3021000461262462e-150,2.42106,HELLS,1.015963752477608e-28,2.4875972
KDM5B,1.8187525433661106e-114,2.0646534,COL9A1,1.638206293195936e-134,3.288906,MAPK10,9.434557378785584e-109,2.0235775,NR2F2-AS1,3.3134031075572924e-113,4.3791456,LOC105378685,3.5393716846000076e-73,2.3085463,HDAC11,9.418674491798152e-90,2.3087423,TBX22,1.4831621049421864e-282,8.360145,DSCAM,2.8665262609047134e-58,1.3833956,IZUMO4,8.1588728816983565e-143,3.0178561,ZCWPW1,5.044109929834875e-27,2.7868826
MGC4859,2.10783699617738e-112,2.616751,PPP2R2B,2.9571183707805322e-133,2.5489929,GEN1,5.473883486558436e-102,2.9963152,IGF1,4.446463895965937e-112,5.154339,CFAP299,2.7557975062076046e-71,1.6464648,LRMDA,3.156778979995513e-88,1.7076238,KIAA1217,1.8787122856603463e-305,2.9783103,LINC01692,1.5892033632256303e-57,2.0005279,ADAM2,6.519321121517461e-141,3.2819996,FOXD3-AS1,7.646350869059787e-26,3.8182003
RALGPS2-AS1,2.349198502308089e-111,2.4062665,CCSER1,6.880446248266035e-132,1.7214938,LRBA,2.453209827572179e-100,1.4926535,ITM2B,3.2947411545503817e-108,2.7375453,CCDC146,8.926447772769104e-71,2.1191063,LOC107984555,1.0535964037303723e-86,2.9168227,SMAD2,3.1016908899140486e-294,3.7118168,LOC105377703,5.222024927859077e-57,1.7807214,PARP9,5.937002642042361e-135,3.1966028,HMGB2,6.731682167659151e-26,2.1592731
MYO9A,1.7231627033702963e-112,1.3358299,TMEM191B,4.048555314478111e-129,2.094757,LHB,2.850627876587805e-96,4.0276275,RUNX1T1,1.1495965030528967e-105,3.4034908,NEK11,2.2079881582583013e-70,1.6630698,CCNY,4.8271463218173785e-85,1.8758693,SERPINA5,4.776882248697572e-277,4.9481344,LOC101927026,3.0556392149350687e-56,1.8513821,PABPC1,1.9159849810531498e-134,2.4272046,KAZN,6.716819431088124e-24,0.957059
LINC01483,2.8431911298602196e-108,2.100373,TRIM17,7.509765789811288e-123,3.2371335,NKX6-1,2.073484509321016e-95,3.8047082,IGFBP6,4.740692678723977e-103,5.198375,GPC6,6.239989242310262e-62,1.5478629,ETNK2,3.0713041193357525e-82,2.454676,PDE4D,4.0171221827166525e-292,3.1091743,SAMD5,8.041931562693363e-53,1.704736,MYO9A,5.61860256577956e-140,1.5761412,amplicon_chrX_CTAG1A/1B/2,1.0615750309414455e-23,3.6464305
GTSCR1,1.108353575604684e-105,2.637192,FGF14,1.31762966844212e-118,2.619844,LRRIQ1,4.044339441474462e-93,1.9302183,MIR100HG,1.226402445956972e-100,2.950175,WARS2,1.1726027091372117e-57,2.141204,LINC01743,6.14079548462436e-82,2.2447116,MTRNR2L6,4.412727611104302e-260,5.087934,MAGI1,9.329089357999666e-52,1.7535397,LOC105370982,3.8806270056598846e-131,2.24947,DYNC2I2,1.3460218744299215e-23,2.1454105
BRDT,2.6648785852422424e-106,1.92119,ZFAND3,2.5563125367784823e-117,1.5743257,FSHR,7.643774012687279e-91,2.8315072,LTBP4,1.1278826839478945e-99,4.662362,TMEM232,5.108528423889124e-57,1.7361094,LOC105374894,6.147773363600913e-81,3.056742,TIMP1,4.877537638712806e-260,3.7506347,LOC105378486,1.9247891182577803e-51,1.9839128,LOC105379271,3.9114925223216284e-128,3.2713995,PRSS21,3.606824755351138e-23,2.8480644
SYCP1,1.8727150772434695e-104,2.5240417,RFPL1,2.6361672685253992e-110,2.7908688,SCN1A-AS1,3.513565556616674e-91,2.3746326,GSN,2.3636290715343343e-99,3.9376805,LINC00345,1.6300208956214437e-54,1.5331372,SHROOM3-AS1,1.0633905653843958e-80,2.7709665,ADGRL3,3.0420700164683307e-288,2.1538293,AFF3,1.3778063568473127e-51,1.6203696,ZNF385D-AS2,1.666221255809977e-126,4.2614913,GMDS,2.0134027985904624e-22,1.1425954
TDRG1,4.234342568547942e-103,3.423475,EYA1,2.7510898750204986e-104,2.631347,LOC105375503,1.3418002494794447e-89,3.5767338,GSTM5,7.040198284301992e-99,4.178885,AGBL4,1.31406966787626e-52,1.0747874,IQCM,1.3133542746114421e-80,2.7422183,CAPN12,2.028825700767644e-234,7.1562138,DPYD,4.3053598176785336e-49,1.671874,ANKRD62,5.907129866838695e-128,2.29034,amplicon_chrX_CT47A1/2/3/4/5/6/7/8/9/10/11/12/B1,2.9422897480288206e-22,4.347038
STRBP,1.059236007828327e-102,2.0575056,COL7A1,3.977150372947008e-97,3.9572642,MACROD2,1.4863833115471593e-92,1.082067,NR2F2,2.502299433785845e-94,5.7283683,DNAH12,1.2561922420738952e-51,1.2198523,PI15,2.8673762820374517e-80,3.1787388,GSTM3,1.4568906513116535e-248,2.5656316,DLGAP1,3.2280645789210084e-49,1.239859,AP4B1-AS1,3.1782261889189925e-128,2.138315,IL1RAPL1,1.7530881725414524e-21,1.1089027
LOC100507384,2.321374656594793e-100,3.0733092,PPARGC1A,4.1492096386177037e-94,1.7824527,LOC105373449,1.0523341231618418e-87,3.0657613,B2M,9.64970013545607e-94,3.888611,CHODL,1.0020663058615011e-50,1.493722,DRICH1,8.4100911327345825e-81,1.4910998,CARMIL1,1.1280586826061278e-233,3.7368703,ADGRL2,8.389083868290998e-48,1.4955192,SLC9C1,3.673905476210116e-123,3.272641,PCBP3,2.2174964442005616e-21,1.3035581
SPDYA,1.777818749262805e-101,1.7645903,C20orf144,4.840297837064017e-92,2.3361077,PTTG1IP2,2.0209553344540655e-87,2.9501467,FRMPD4,2.8914095782429494e-94,2.4560153,MMS22L,3.1229434646437543e-49,2.259856,SLC44A5,1.4662990270058607e-79,1.542623,INHA,1.7595907590187663e-222,4.7357373,TENM2,4.430843684802571e-47,1.1534408,CRB1,6.471772524398513e-127,2.1370764,SDF2L1,5.975560252034092e-21,2.1212604
PTPN22,6.472523459631696e-100,1.8951634,LINC00674,7.846940182797989e-91,2.2991083,GACAT3,9.868678062384148e-85,3.7655172,CST3,8.591931756672084e-92,2.7755628,DKKL1,2.5454359358756443e-49,1.3263686,LOC107986400,5.934489623600824e-79,1.8823608,SPARC,9.58272914098973e-226,4.0401773,BNC2,5.0451995912698874e-46,1.5307671,SHCBP1L,9.963117127548325e-128,2.0545475,ADGRA1,8.982664868883274e-21,2.8242507
ZCWPW2,8.339811059860145e-97,1.8434579,HLA-G,1.054971790534391e-89,3.4945738,LINC01500,8.103176610458288e-86,2.1719697,SPTBN1,6.422565477338037e-89,3.0554078,ZBBX,2.723798540009575e-48,2.269866,CCDC178,7.794083991794544e-79,1.6629627,PSAP,5.345024243022922e-206,3.7379344,ANKS1B,2.7579270608413415e-46,0.67848396,STRBP,3.10838890287055e-125,2.4134266,TIMM29,5.532054982160251e-20,3.3344707
LOC107986766,8.937142930779772e-95,3.1029677,FAM71A,2.5699902769180214e-88,4.136229,CTNND2,2.708982812959819e-86,1.6368433,PLPP3,1.301824724695787e-83,4.269434,EFHC1,2.7309578053084482e-48,2.2029393,WDR41,4.024601334514211e-78,2.1068223,AMH,1.924484523374641e-200,5.283587,DAB1,2.016971424978505e-45,1.1492369,RALGPS2-AS1,2.62515520239499e-124,2.4608085,LOC105372666,7.56340989503596e-20,1.3911226
PRMT8,4.991736737468411e-95,2.5679803,LOC107984615,3.6588968170242027e-88,3.2494705,NPAS3,2.8191794051636717e-85,1.9231372,LHFPL6,3.71664378860531e-81,3.3201873,LOC101929298,7.76986033624133e-48,2.5107768,CCDC188,4.931805340544275e-76,2.7419102,MIR202HG,6.924416748793747e-198,6.0643754,CDH20,6.463707931835186e-45,1.9114679,SPAG16,3.724639896471768e-129,1.4716812,SYCP3,8.043528323602e-20,1.8540599
CLCA4-AS1,2.0381216375635393e-93,2.6555352,TNP2,1.3689004369125435e-85,3.0164316,GLIPR1L1,2.3789962412913143e-86,1.406687,CFD,8.851884254173374e-81,5.273031,TTC34,1.0772760755471774e-46,2.3695002,FAM186A,1.162093129438775e-75,1.7525508,BBX,1.1645258871111006e-205,2.6195357,NKAIN2,1.6720762587672233e-44,1.7568909,AK9,1.0744359987773752e-124,2.01304,THAP7,1.7201574205119646e-19,1.9803293
FLT1,1.7794859576895342e-94,1.8718306,AKT2,3.01747589216339e-85,3.522299,LOC107987084,2.203114616450884e-82,3.2096775,TMSB4X,1.6865658069864793e-80,4.6769605,EFCAB11,1.3988588010695415e-46,1.6537381,LINC02741,3.491238817595424e-73,2.665777,CADM1,5.908577198125548e-207,2.3679664,MDGA2,7.741607992625553e-44,1.3953085,SRSF11,8.067598363186252e-126,1.6728047,IQSEC3,5.641904496299609e-19,2.8094177
RAD51AP2,1.245208837815797e-89,4.709117,CCNY,9.27412377096091e-86,1.7122828,ITGA8,1.2481108751201578e-81,2.4112334,MGP,4.732386606905593e-78,5.3779464,NOVA1-DT,8.729842034105718e-46,2.3381865,USP6,7.212065301897985e-71,1.7062672,SYNE2,7.435116508637023e-204,2.266971,BMPR1B,1.472812016009126e-43,1.7575272,ANKRD20A1,4.553346285036643e-117,2.9051323,SLC52A2,8.852690721898886e-19,2.9539015
SLC4A8,1.266386309712682e-89,1.9608791,LINC01317,1.7624833858441113e-85,1.4633363,LINC01470,2.192489255791604e-81,2.586084,C1S,5.108895644435526e-78,5.3124647,TULP3,3.2392968246940195e-45,1.8098552,LOC107984782,6.774300288450899e-70,2.7042346,SPINK2,1.5550854275666473e-201,2.4204645,AGAP1,3.5476362344852887e-43,1.3037565,LOC105376107,6.630479064644442e-119,2.0071836,MACROD1,1.150472462092221e-18,1.9875828
COX7B2,3.63653253802342e-89,1.5118438,TBX1,1.9658140782482498e-83,4.2970605,LOC105378415,7.149339463313903e-81,3.8730266,LSAMP,7.6424381255356565e-78,2.6948361,DNAH7,7.220404289201395e-45,1.7040834,LINC01088,5.167373440817464e-70,2.0249047,COL18A1,1.930601229057212e-188,5.973127,PTPRG,5.612681495330654e-43,1.1196659,LOC107986487,2.17381231263042e-116,2.4683921,PKMYT1,2.3111152721301633e-18,2.3951948
GIHCG,4.1659070235689775e-86,2.4219232,ETNK2,3.969156838928986e-83,2.3105724,SEL1L2,1.1593045302808767e-79,1.9735888,ACTB,1.4990850079033448e-77,2.7913783,LINC02337,6.76832402892827e-44,0.5295104,INPP4B,1.3854638392856851e-69,1.8138865,LUC7L3,1.2247826170275162e-197,2.890547,LTBP1,1.9516608934577353e-42,0.5714679,CATSPERE,8.853271776767962e-117,1.8690791,MEI1,2.516487967069266e-18,1.6803937
SPAG16,1.5527451758537039e-89,0.9940428,FLJ46875,4.622816986975876e-82,3.4330459,DCST1,6.808248790421217e-78,4.3713427,PTCH2,3.795445571854802e-77,4.2387347,LEKR1,1.1440475854353947e-42,1.3452781,LINC00674,4.3923205202725213e-69,2.0650158,ARL15,1.708905487012463e-200,2.4288254,GTDC1,1.0028351940730012e-41,1.7916867,LOC440910,1.343909743492433e-109,3.4090073,ARL6IP4,2.7497629093424875e-18,2.1006944
AGBL4,1.4066321318772162e-86,1.0751684,SIRT2,2.760134255064769e-82,2.6265845,C1orf105,2.335001423110739e-77,3.8837562,INS-IGF2,2.1369430106556575e-72,5.27459,CFAP52,2.7095713197741873e-42,2.0886674,CCDC91,2.3354704508446766e-68,1.4771497,MTRNR2L1,3.2209621990610073e-184,4.4381475,AUTS2,3.5995712978136874e-42,0.9336434,CCDC144A,6.533972246714416e-114,1.8732255,GABRG3,4.429398558290124e-18,1.0081711
PHF7,4.90775551256311e-84,2.3687851,LOC107984361,2.155207609613336e-81,2.4010592,LOC107984555,1.1581907804881045e-75,2.6272638,BICC1,1.5205166379727773e-71,2.526374,RBAKDN,8.687931305886641e-42,1.3356768,TRIM17,3.1267742348999984e-67,2.5229256,LMAN2,9.743136387500132e-189,2.3241699,PTCHD1-AS,1.6505448036185738e-41,1.2050182,CC2D2B,1.3209814287859021e-107,3.0567894,amplicon_chrX_GAGE10/1/2A/13/12B/12C/12D/12E/12F/12G/12H/12J,5.8668038327058085e-18,2.7224777
AP4B1-AS1,1.0720691421798268e-82,1.6485413,COL5A3,1.0208538115127665e-80,2.4717846,RYR2,1.3680285161359877e-76,1.4021248,COL1A2,3.460983797224353e-70,3.155158,SPAG16,4.244616982406752e-42,0.87018496,TMEM190,2.3707236801270693e-67,2.1692803,SRSF11,4.995462363632485e-198,1.8661833,NRXN3,2.759883315545771e-41,1.0234354,LARP1B,1.399817610977728e-107,2.0970085,amplicon_chrX_CXorf49/B,7.195563184764279e-18,2.7521968
HFM1,5.608223834605266e-81,2.1731565,PHACTR1,2.045564354140916e-79,1.6324575,LINC02842,4.815654572342546e-74,2.2574136,IGF2,4.665659116297356e-69,5.272934,CFAP43,1.4815109870500703e-41,1.7147217,C16orf92,4.523491961394937e-66,2.3923545,ATP6,3.2196146885396608e-173,4.379106,B3GALT1,5.393794484252917e-41,1.2171279,ZCWPW2,9.27152128698343e-108,1.9660399,LOC105370108,9.132325689299204e-18,2.5889142
SCMH1,3.3393023682639566e-81,1.7878872,FAM229A,1.1988084696303276e-75,2.133443,CIB4,1.6216493388770616e-72,3.7375896,COL6A2,2.066032261815389e-68,4.836693,KIF6,3.4396331583460283e-41,1.6316634,LOC101929140,1.7751770786284573e-65,1.8720944,MTRNR2L10,7.523155676066232e-171,5.0981717,LURAP1L,2.6854043439771513e-40,3.1515515,LOC105377604,1.0501541577373861e-105,2.3827157,HMGB1,8.238479403704478e-18,1.1526896
ART3,2.9117761846297716e-80,1.6672655,MAP1LC3A,2.4328082348027787e-75,2.4462988,PLCZ1,2.9270181647394504e-73,1.9799404,TIMP3,7.550035956288553e-68,2.5706115,SPAG6,3.4396331583460283e-41,1.6567526,MCRIP1,9.220898475717445e-65,2.7717664,CTSV,7.837227053008096e-173,3.8883195,FRMD6-AS2,4.840506132221767e-41,0.88463515,SPATA16,5.541219324785718e-103,2.8584547,CLSPN,1.0695698687428697e-17,2.047392
MIR4713HG,4.6421137001932376e-79,2.7822049,LOC105370582,1.8226159616030271e-72,3.3125556,LINC02223,3.753273752611907e-71,2.3451364,COL6A1,1.1834070620494113e-66,6.023327,TPTE2,2.4819048024656477e-41,1.3243883,RUNDC3B,2.8339759691784236e-65,1.7456851,BCL2L2-PABPN1,2.846002325474139e-172,3.375703,LOC730100,1.2444509156075497e-40,1.2345508,FLT1,2.0535777877809643e-104,1.9592685,BICDL1,1.2793468148722668e-17,1.6584011
MLLT10,1.3333734061410067e-80,1.4053702,SCP2D1,6.201296274737983e-72,3.5317743,CCDC178,1.9281264395439077e-71,1.500507,SMOC2,7.216814733760973e-66,3.8539867,NRG4,5.919760983475655e-40,1.3928399,LINC02223,3.910381464129866e-64,2.2509427,DIAPH2,3.2752628285682867e-186,1.6183398,TMTC2,3.4451068374305157e-40,1.6756463,MACROD2,2.083954630280824e-106,1.2220896,UBE2E2,1.3447107990582333e-17,1.452143
LINC02583,1.0679626912010991e-78,2.3762238,LOC107986400,9.354834853978904e-73,1.6785516,LINC01911,1.6997570624811598e-69,3.4530585,RORA,1.075549728916838e-65,1.9373761,KIF9-AS1,1.7533263081363717e-39,1.5852622,LOC105375789,4.0258885742305224e-63,2.905541,MALAT1,1.9542788205311364e-217,1.3430753,SLC30A8,8.733743064966926e-40,2.0370898,GPATCH2,3.962118172956803e-102,1.9346571,TEX15,1.7644042937922235e-17,1.6259488
PCBP3,1.0694008394337284e-77,1.6320301,GSTCD,7.757778093886971e-72,2.237971,BCR,3.766207893512017e-70,1.7539898,DDX17,8.92478505253682e-65,1.9917673,CAMKMT,1.636967288942663e-39,1.1442654,TMCO5A,2.1592548105865283e-63,2.2751365,MAP1B,2.8850196581537043e-165,4.0992293,APBB2,2.8853047603672418e-40,1.0320895,TSBP1,1.354445100099006e-100,2.1267226,CACNA1B,1.8245614548954863e-17,1.2486743
SETX,2.7737877772399994e-77,1.8916051,C5orf60,4.803855662705776e-70,4.920495,LOC107984755,4.228858426129261e-69,3.2151606,LINC02456,3.9823038155628285e-63,4.3615303,RBAK-RBAKDN,2.8509656126520904e-39,1.2518032,LINC01499,5.843949935229698e-63,2.3677711,PRKD1,3.479124625302585e-166,3.2244596,JMJD1C,3.360748521263386e-40,0.94556147,FUT8,1.1351656280943585e-101,1.7900941,FAM9C,2.5674351790434772e-17,3.3704255
LOC105376107,2.085809800692948e-77,1.4583248,FAM186A,1.6534688204368135e-70,1.6130984,STAT4,2.6463705699201144e-69,2.0717475,ADGRB3,3.615963392308612e-63,2.2906833,KIAA0825,1.0033828544101475e-38,1.2478758,LOC105377999,3.917679485958822e-62,2.8363953,RUFY3,3.6640775690546326e-163,2.8749247,KCNQ1,5.930533582449624e-40,1.3128197,BCAS3,7.300286203130288e-104,1.2921567,STAG1,2.1797041264154828e-17,0.8815305
BCAS3,2.085809800692948e-77,1.0422605,LINC00442,4.372863688603325e-69,4.0547514,LOC105379110,5.723716932765524e-69,2.6562831,BNC2,1.5119083124513005e-62,2.1863415,LOC102723458,1.6934543814173222e-38,1.8469251,LINC01500,1.7014265146257188e-62,1.8925798,KTN1,2.6170234060805637e-164,2.4478881,LOC105376755,7.276422020924251e-39,1.2665023,CENPP,5.075087978937459e-100,2.0090384,HAUS5,2.900657932676974e-17,2.0598567
SYN2,1.0678233191371749e-75,1.6066092,DCAF12,2.4896922868084667e-67,2.5843287,KCNU1,2.426336711545936e-66,2.5830555,FBLN5,2.494845995715353e-61,4.5776005,CNGA4,4.193563247368308e-38,2.914895,GABRG3-AS1,2.6895961948800777e-60,3.482581,SNRNP70,8.42940245857222e-161,2.893298,EFNA5,3.8934277686369537e-38,2.354231,LINC02492,1.3466479030687373e-100,2.0380418,LRPAP1,2.9917014172855505e-17,1.6845922
SYCP2,6.972616150428816e-75,2.3363163,P2RX3,5.892470517848879e-67,3.7905777,LOC105373791,2.3552967429203796e-65,3.582734,NFIA,2.1187543400536463e-61,2.0351646,LOC105373673,3.318693274002833e-38,2.0388994,ADGRL3,1.4421552654247937e-61,1.2621611,TF,1.5634257542123859e-158,3.1234546,HDAC2-AS2,4.2899507721965094e-38,1.8183302,C1QTNF3,1.2925381417702318e-98,2.2084777,ARRDC1,6.033296831726051e-17,3.1471913
